[
  {
    "id": "Spot_1",
    "xPct": 0.5854,
    "yPct": 0.4647
  },
  {
    "id": "Spot_2",
    "xPct": 0.5662,
    "yPct": 0.4639
  },
  {
    "id": "Spot_3",
    "xPct": 0.5448,
    "yPct": 0.4713
  },
  {
    "id": "Spot_4",
    "xPct": 0.524,
    "yPct": 0.4745
  },
  {
    "id": "Spot_5",
    "xPct": 0.5032,
    "yPct": 0.477
  },
  {
    "id": "Spot_6",
    "xPct": 0.4824,
    "yPct": 0.4803
  },
  {
    "id": "Spot_7",
    "xPct": 0.4621,
    "yPct": 0.4926
  },
  {
    "id": "Spot_8",
    "xPct": 0.4429,
    "yPct": 0.4943
  }
]